dataset,seed,architecture_id,rotations,entanglement,reps,twoq_count,logical_depth,n_params,train_loss,fit_bacc,val_bacc,test_bacc,test_auc,test_logloss,test_brier
breast_cancer,17,A000,ry,full_chain,1,3,4,4,0.24231696239297573,0.8716666666666666,0.8633333333333333,0.8867478025693036,0.9830966869506423,0.22839590018247388,0.06665205603792639
breast_cancer,17,A003,ry,full_chain,4,12,13,16,0.26526306436309033,0.9066666666666667,0.8966666666666667,0.9039891818796484,0.9918864097363083,0.2187925710285042,0.05981803898797461
breast_cancer,17,A013,ry,right_ladder,2,4,7,8,0.2616553944610609,0.9083333333333333,0.8966666666666667,0.9039891818796484,0.982420554428668,0.23909524324577625,0.0656640016302094
breast_cancer,17,A015,ry,right_ladder,4,8,13,16,0.242927018406975,0.8633333333333333,0.8633333333333333,0.8867478025693036,0.9830966869506423,0.22956235454910662,0.06742467482167275
breast_cancer,17,A018,rx+rz,full_chain,3,9,13,24,0.3070998243227363,0.9199999999999999,0.8733333333333333,0.9016227180527383,0.9810682893847193,0.2768418910189873,0.07751370065793924
breast_cancer,17,A020,rx+rz,outer_pairs,1,2,4,8,0.3072846808819893,0.9199999999999999,0.8733333333333333,0.9016227180527383,0.9803921568627452,0.27677929799250006,0.07786572492262248
breast_cancer,17,A022,rx+rz,outer_pairs,3,6,10,24,0.3081832430591622,0.9199999999999999,0.8733333333333333,0.9016227180527383,0.9790398918187965,0.2792066946020286,0.07731849915193027
breast_cancer,17,A025,rx+rz,left_ladder,2,4,9,16,0.29541551284895584,0.9066666666666667,0.8733333333333333,0.9114266396213657,0.9830966869506423,0.26563281266320177,0.07235593893958266
breast_cancer,17,A037,ry+rz,outer_pairs,2,4,7,16,0.2373684553736704,0.8583333333333334,0.8633333333333333,0.8695064232589587,0.9871534820824881,0.2195979698469305,0.06432982352821139
breast_cancer,17,A040,ry+rz,left_ladder,1,2,5,8,0.2511092686913341,0.8983333333333334,0.8966666666666667,0.9039891818796484,0.982420554428668,0.2310970747499112,0.06390935921076593
breast_cancer,17,A042,ry+rz,left_ladder,3,6,13,24,0.23445406808139654,0.915,0.9133333333333333,0.8867478025693036,0.9912102772143341,0.21438695452885206,0.057477215029278585
breast_cancer,17,A045,ry+rz,right_ladder,2,4,9,16,0.2711414560175941,0.815,0.8133333333333332,0.8695064232589587,0.9830966869506423,0.2649050517830565,0.08304477686995257
breast_cancer,17,A047,ry+rz,right_ladder,4,8,17,32,0.24453670828678947,0.89,0.88,0.8867478025693036,0.982420554428668,0.2269666514515311,0.06376492374882589
breast_cancer,17,A058,rx+ry+rz,left_ladder,3,6,16,36,0.4990183352630663,0.8,0.8,0.8062880324543611,0.947261663286004,0.474992214404199,0.15956581176291207
breast_cancer,17,A059,rx+ry+rz,left_ladder,4,8,21,48,0.2583768004082618,0.8966666666666667,0.8966666666666667,0.9039891818796484,0.991210277214334,0.2176669152898807,0.05825992880307501
breast_cancer,17,A063,rx+ry+rz,right_ladder,4,8,21,48,0.3583016299698671,0.9183333333333333,0.8166666666666667,0.8624070317782285,0.9756592292089249,0.3296951051352741,0.0953657654767522
breast_cancer,29,A000,ry,full_chain,1,3,4,4,0.24187670318792423,0.8866666666666667,0.88,0.8867478025693036,0.9830966869506423,0.22714049163545394,0.06567354262867998
breast_cancer,29,A003,ry,full_chain,4,12,13,16,0.25579440203116643,0.8966666666666667,0.8966666666666667,0.9039891818796484,0.9871534820824881,0.21994744604360728,0.05885298842626842
breast_cancer,29,A013,ry,right_ladder,2,4,7,8,0.24238727153956363,0.895,0.88,0.8867478025693036,0.982420554428668,0.22621871846255148,0.06441149451092636
breast_cancer,29,A015,ry,right_ladder,4,8,13,16,0.24406130543997478,0.89,0.88,0.8867478025693036,0.982420554428668,0.22667172702639266,0.06380341858323758
breast_cancer,29,A018,rx+rz,full_chain,3,9,13,24,0.2987097376302178,0.9116666666666666,0.8733333333333333,0.9016227180527383,0.9810682893847193,0.27137576337086766,0.07549826147074333
breast_cancer,29,A020,rx+rz,outer_pairs,1,2,4,8,0.30731386080778467,0.9199999999999999,0.8733333333333333,0.9016227180527383,0.9803921568627452,0.2768272627535112,0.07787503354925249
breast_cancer,29,A022,rx+rz,outer_pairs,3,6,10,24,0.291110935387273,0.9116666666666666,0.8833333333333333,0.9286680189317107,0.9817444219066938,0.26125851200736017,0.07219597486735024
breast_cancer,29,A025,rx+rz,left_ladder,2,4,9,16,0.309307648452701,0.9199999999999999,0.8733333333333333,0.9016227180527383,0.9803921568627452,0.2806628611577519,0.0784531369323239
breast_cancer,29,A037,ry+rz,outer_pairs,2,4,7,16,0.2387924062833362,0.8833333333333333,0.8633333333333333,0.8867478025693036,0.9885057471264367,0.2176666936206121,0.06306703625486298
breast_cancer,29,A040,ry+rz,left_ladder,1,2,5,8,0.24711384500959815,0.8983333333333334,0.88,0.9039891818796484,0.982420554428668,0.22838403651456263,0.06362423517705056
breast_cancer,29,A042,ry+rz,left_ladder,3,6,13,24,0.24246169902573328,0.8916666666666666,0.8466666666666667,0.8867478025693036,0.9885057471264368,0.21857842098365268,0.06235989749149069
breast_cancer,29,A045,ry+rz,right_ladder,2,4,9,16,0.2419175937906685,0.8866666666666667,0.88,0.8867478025693036,0.9830966869506423,0.2270325538212549,0.06552077710031994
breast_cancer,29,A047,ry+rz,right_ladder,4,8,17,32,0.2495234918445015,0.8433333333333333,0.8633333333333333,0.8867478025693036,0.9830966869506423,0.23816059335702738,0.07116108874026765
breast_cancer,29,A058,rx+ry+rz,left_ladder,3,6,16,36,0.2697991541023544,0.8783333333333333,0.8466666666666667,0.8867478025693036,0.9770114942528736,0.24467996929860894,0.06948762787610427
breast_cancer,29,A059,rx+ry+rz,left_ladder,4,8,21,48,0.27876445049095266,0.925,0.8833333333333333,0.9114266396213657,0.9817444219066938,0.2550763505062187,0.07034616976904959
breast_cancer,29,A063,rx+ry+rz,right_ladder,4,8,21,48,0.2946178822718622,0.9116666666666666,0.8733333333333333,0.9286680189317107,0.982420554428668,0.26878103739447906,0.07396196241765936
breast_cancer,43,A000,ry,full_chain,1,3,4,4,0.2446984437614687,0.8683333333333334,0.8633333333333333,0.8867478025693036,0.9830966869506423,0.2323544058748097,0.06905227818020182
breast_cancer,43,A003,ry,full_chain,4,12,13,16,0.2905243396507679,0.9033333333333333,0.9133333333333333,0.9212305611899931,0.9945909398242055,0.23859485257741056,0.06139690213708211
breast_cancer,43,A013,ry,right_ladder,2,4,7,8,0.24184997833447022,0.895,0.88,0.8867478025693036,0.9830966869506423,0.2267983239645149,0.06534503863409077
breast_cancer,43,A015,ry,right_ladder,4,8,13,16,0.36555730746437665,0.9083333333333333,0.8233333333333334,0.8968897903989181,0.973630831643002,0.3255039174546567,0.09626862968407982
breast_cancer,43,A018,rx+rz,full_chain,3,9,13,24,0.3016734230780772,0.9199999999999999,0.8733333333333333,0.9016227180527383,0.9810682893847193,0.27249276725803523,0.07622970763565362
breast_cancer,43,A020,rx+rz,outer_pairs,1,2,4,8,0.3102667910416726,0.9199999999999999,0.8733333333333333,0.9016227180527383,0.9803921568627452,0.2814276095753911,0.07878981104958535
breast_cancer,43,A022,rx+rz,outer_pairs,3,6,10,24,0.3236544588648155,0.9116666666666666,0.8733333333333333,0.9016227180527383,0.9803921568627452,0.30334037253561996,0.0833101606445901
breast_cancer,43,A025,rx+rz,left_ladder,2,4,9,16,0.30718853399292295,0.9199999999999999,0.8733333333333333,0.9016227180527383,0.9803921568627452,0.2766970949391701,0.0778153127814003
breast_cancer,43,A037,ry+rz,outer_pairs,2,4,7,16,0.2777284163473963,0.915,0.8966666666666667,0.8867478025693036,0.9952670723461798,0.23055501056264047,0.05833784018019763
breast_cancer,43,A040,ry+rz,left_ladder,1,2,5,8,0.3292445648795018,0.9233333333333333,0.8433333333333333,0.8820148749154835,0.9783637592968222,0.2952454465584249,0.0846549975395561
breast_cancer,43,A042,ry+rz,left_ladder,3,6,13,24,0.23996208440507472,0.8666666666666667,0.8633333333333333,0.8867478025693036,0.9844489519945909,0.22151303329705946,0.06459928775045781
breast_cancer,43,A045,ry+rz,right_ladder,2,4,9,16,0.2432839596631084,0.8866666666666667,0.88,0.8867478025693036,0.9830966869506423,0.22836564858879535,0.06561290598558098
breast_cancer,43,A047,ry+rz,right_ladder,4,8,17,32,0.34066407034978774,0.9183333333333333,0.8166666666666667,0.8722109533468559,0.9776876267748479,0.30506603564334267,0.08831800389548154
breast_cancer,43,A058,rx+ry+rz,left_ladder,3,6,16,36,0.2975254309838765,0.925,0.8566666666666667,0.9016227180527383,0.9763353617308992,0.27626342240839136,0.07787646112302611
breast_cancer,43,A059,rx+ry+rz,left_ladder,4,8,21,48,0.271667848227095,0.9116666666666666,0.9033333333333333,0.9384719405003381,0.9878296146044625,0.24141878226888344,0.06445266524368867
breast_cancer,43,A063,rx+ry+rz,right_ladder,4,8,21,48,0.24348581841485473,0.8833333333333333,0.8633333333333333,0.8867478025693036,0.9830966869506423,0.2291757466426821,0.06629717555900858
breast_cancer,71,A000,ry,full_chain,1,3,4,4,0.24215414262586615,0.895,0.88,0.8867478025693036,0.982420554428668,0.22627582665023915,0.06461944211393703
breast_cancer,71,A003,ry,full_chain,4,12,13,16,0.24035182482380407,0.875,0.8633333333333333,0.8867478025693036,0.9830966869506423,0.22508579705393408,0.0655540606276356
breast_cancer,71,A013,ry,right_ladder,2,4,7,8,0.24445273822133914,0.8683333333333334,0.8633333333333333,0.8867478025693036,0.9830966869506423,0.2319916764471995,0.06885234678659158
breast_cancer,71,A015,ry,right_ladder,4,8,13,16,0.24498653559021957,0.86,0.8633333333333333,0.8867478025693036,0.9830966869506423,0.23277352523955458,0.06928008816619222
breast_cancer,71,A018,rx+rz,full_chain,3,9,13,24,0.3233802072679226,0.915,0.8533333333333333,0.8918187964841109,0.9770114942528736,0.2912900443878141,0.08211874520012492
breast_cancer,71,A020,rx+rz,outer_pairs,1,2,4,8,0.30902690351103745,0.9199999999999999,0.8733333333333333,0.9016227180527383,0.9803921568627452,0.27954909182464166,0.07841104454504992
breast_cancer,71,A022,rx+rz,outer_pairs,3,6,10,24,0.2724906074254049,0.9116666666666666,0.9033333333333333,0.9384719405003381,0.9837728194726166,0.24552288567456557,0.06666847326625398
breast_cancer,71,A025,rx+rz,left_ladder,2,4,9,16,0.2940369545209053,0.9066666666666667,0.8733333333333333,0.9114266396213657,0.9830966869506423,0.26326596213599734,0.07222127880352472
breast_cancer,71,A037,ry+rz,outer_pairs,2,4,7,16,0.28885806998203484,0.9116666666666666,0.9133333333333333,0.9212305611899931,0.9945909398242055,0.2416257745892209,0.06268157174279795
breast_cancer,71,A040,ry+rz,left_ladder,1,2,5,8,0.24268027267695436,0.8716666666666666,0.8633333333333333,0.8867478025693036,0.9830966869506423,0.22911691323915315,0.06713921395600045
breast_cancer,71,A042,ry+rz,left_ladder,3,6,13,24,0.2561976773746911,0.8999999999999999,0.88,0.9039891818796484,0.9749830966869507,0.2460111875938685,0.06899997218922546
breast_cancer,71,A045,ry+rz,right_ladder,2,4,9,16,0.2419565563558633,0.895,0.88,0.8867478025693036,0.9830966869506423,0.22674184625912383,0.0651944859507854
breast_cancer,71,A047,ry+rz,right_ladder,4,8,17,32,0.24200784430413527,0.895,0.88,0.8867478025693036,0.9830966869506423,0.22694281998721183,0.06534603500988674
breast_cancer,71,A058,rx+ry+rz,left_ladder,3,6,16,36,0.26540794335611323,0.9016666666666666,0.8966666666666667,0.9039891818796484,0.9790398918187965,0.24900182987701397,0.06766011308813455
breast_cancer,71,A059,rx+ry+rz,left_ladder,4,8,21,48,0.26811928582347655,0.8966666666666667,0.8966666666666667,0.9039891818796484,0.9810682893847193,0.2523148548052904,0.06803660532636571
breast_cancer,71,A063,rx+ry+rz,right_ladder,4,8,21,48,0.27327082508771844,0.81,0.83,0.8695064232589587,0.9830966869506423,0.263606046537665,0.078197294914465
breast_cancer,101,A000,ry,full_chain,1,3,4,4,0.24328245150683675,0.8683333333333334,0.8633333333333333,0.8867478025693036,0.9830966869506423,0.230167406524666,0.06779807808771296
breast_cancer,101,A003,ry,full_chain,4,12,13,16,0.2374501356322341,0.9116666666666666,0.9133333333333333,0.9039891818796484,0.9945909398242055,0.2122120737023371,0.05552563353652579
breast_cancer,101,A013,ry,right_ladder,2,4,7,8,0.24185642559390147,0.895,0.88,0.8867478025693036,0.9830966869506423,0.22671925484001756,0.06526086861005413
breast_cancer,101,A015,ry,right_ladder,4,8,13,16,0.24237908181011578,0.895,0.88,0.8867478025693036,0.982420554428668,0.22621951691203535,0.06441756822910336
breast_cancer,101,A018,rx+rz,full_chain,3,9,13,24,0.2725938337538956,0.905,0.8966666666666667,0.9039891818796484,0.982420554428668,0.25368755411476507,0.0673979075277818
breast_cancer,101,A020,rx+rz,outer_pairs,1,2,4,8,0.3072860061434498,0.9199999999999999,0.8733333333333333,0.9016227180527383,0.9803921568627452,0.2767814777515273,0.07786614784964394
breast_cancer,101,A022,rx+rz,outer_pairs,3,6,10,24,0.3057229317704737,0.9066666666666667,0.8733333333333333,0.9188640973630832,0.9790398918187965,0.27414526011839635,0.07542531475823405
breast_cancer,101,A025,rx+rz,left_ladder,2,4,9,16,0.2972049550831342,0.9066666666666667,0.8733333333333333,0.9114266396213657,0.9810682893847193,0.2655751292342624,0.0730398248930608
breast_cancer,101,A037,ry+rz,outer_pairs,2,4,7,16,0.3766691459205807,0.8883333333333334,0.7966666666666666,0.8624070317782285,0.9675456389452333,0.34072640316552866,0.1024899244781656
breast_cancer,101,A040,ry+rz,left_ladder,1,2,5,8,0.26716811701069326,0.9083333333333333,0.9033333333333333,0.9212305611899931,0.982420554428668,0.24348977340364275,0.06686519935547217
breast_cancer,101,A042,ry+rz,left_ladder,3,6,13,24,0.2627778917537597,0.825,0.8633333333333333,0.8867478025693036,0.9716024340770791,0.2515197717302621,0.07379636750333433
breast_cancer,101,A045,ry+rz,right_ladder,2,4,9,16,0.25042690636636505,0.8433333333333333,0.83,0.8695064232589587,0.9830966869506423,0.23968990083594582,0.07229697368058047
breast_cancer,101,A047,ry+rz,right_ladder,4,8,17,32,0.3908563918443879,0.8783333333333334,0.8133333333333334,0.9141311697092631,0.9709263015551048,0.3503322305539053,0.10566376691621926
breast_cancer,101,A058,rx+ry+rz,left_ladder,3,6,16,36,0.44360435991681796,0.8416666666666666,0.8200000000000001,0.8553076402974984,0.9526707234617985,0.42085105672607315,0.13345576508632762
breast_cancer,101,A059,rx+ry+rz,left_ladder,4,8,21,48,0.2941491677827325,0.9066666666666667,0.9066666666666667,0.9039891818796484,0.9925625422582827,0.23550861930105566,0.05957887163693761
breast_cancer,101,A063,rx+ry+rz,right_ladder,4,8,21,48,0.2884737486428833,0.9116666666666666,0.8733333333333333,0.9286680189317107,0.982420554428668,0.26151191497880294,0.07234453415570194
iris_binary,17,A000,ry,full_chain,1,3,4,4,1.1929925361943488,0.328125,0.375,0.45,0.47,1.2355672386422278,0.403004981180685
iris_binary,17,A003,ry,full_chain,4,12,13,16,1.8498859094247673,0.21875,0.1875,0.35,0.09000000000000001,2.0133357532969396,0.5360048631661012
iris_binary,17,A013,ry,right_ladder,2,4,7,8,0.47453632909691223,0.71875,0.5,0.7,0.9400000000000001,0.4896129555004591,0.17582880787272837
iris_binary,17,A015,ry,right_ladder,4,8,13,16,0.40027704020893773,0.84375,0.6875,0.7,0.99,0.41630345637419286,0.14379881046239237
iris_binary,17,A018,rx+rz,full_chain,3,9,13,24,1.2568331211271326,0.28125,0.1875,0.35,0.32999999999999996,1.1851834563893375,0.4291728403580505
iris_binary,17,A020,rx+rz,outer_pairs,1,2,4,8,1.5602684915616298,0.28125,0.1875,0.35,0.26,1.6191972422198055,0.4743747461321995
iris_binary,17,A022,rx+rz,outer_pairs,3,6,10,24,0.8397969612404745,0.328125,0.3125,0.35,0.27,0.8565609618839927,0.3212668578667222
iris_binary,17,A025,rx+rz,left_ladder,2,4,9,16,1.0398605989507383,0.28125,0.1875,0.35,0.32999999999999996,0.9760692247783396,0.3708017153466786
iris_binary,17,A037,ry+rz,outer_pairs,2,4,7,16,1.1942779047223386,0.328125,0.3125,0.4,0.49999999999999994,1.2478053520793417,0.4040190320203868
iris_binary,17,A040,ry+rz,left_ladder,1,2,5,8,0.7265573712484497,0.53125,0.375,0.55,0.79,0.7434632712923326,0.2729700515282372
iris_binary,17,A042,ry+rz,left_ladder,3,6,13,24,1.095845629073122,0.40625,0.3125,0.5,0.47,1.1558231395048257,0.37240532457893816
iris_binary,17,A045,ry+rz,right_ladder,2,4,9,16,0.8707443293039071,0.453125,0.375,0.5,0.72,0.8920041901509638,0.3198449478149609
iris_binary,17,A047,ry+rz,right_ladder,4,8,17,32,0.5033185469939301,0.65625,0.5,0.65,0.92,0.5182293853997896,0.18786953950210836
iris_binary,17,A058,rx+ry+rz,left_ladder,3,6,16,36,0.6357674221048228,0.578125,0.375,0.6,0.83,0.614197974630952,0.21898502194034114
iris_binary,17,A059,rx+ry+rz,left_ladder,4,8,21,48,1.8248137900232773,0.21875,0.125,0.35,0.11,1.8192903683559394,0.536018657547396
iris_binary,17,A063,rx+ry+rz,right_ladder,4,8,21,48,1.7057152019232578,0.21875,0.125,0.35,0.06,1.6483652490104976,0.5328199753485862
iris_binary,29,A000,ry,full_chain,1,3,4,4,0.664161914487948,0.5625,0.375,0.55,0.8200000000000001,0.6799442603284174,0.2507160912858029
iris_binary,29,A003,ry,full_chain,4,12,13,16,0.5024112604420672,0.65625,0.5,0.65,0.93,0.5261280766650063,0.18982101872106777
iris_binary,29,A013,ry,right_ladder,2,4,7,8,1.5283205284392043,0.296875,0.25,0.35,0.31000000000000005,1.6340650725776382,0.4600760092450666
iris_binary,29,A015,ry,right_ladder,4,8,13,16,0.550717429341836,0.625,0.4375,0.65,0.92,0.5655765781647162,0.20719183073128158
iris_binary,29,A018,rx+rz,full_chain,3,9,13,24,1.120481220982299,0.296875,0.25,0.35,0.3,1.1184554987499842,0.40349209799696295
iris_binary,29,A020,rx+rz,outer_pairs,1,2,4,8,1.3599184341169404,0.28125,0.1875,0.35,0.26,1.3579342169104889,0.45408417992265077
iris_binary,29,A022,rx+rz,outer_pairs,3,6,10,24,1.2127791111241457,0.28125,0.1875,0.35,0.32999999999999996,1.1412674626249004,0.41788999474405786
iris_binary,29,A025,rx+rz,left_ladder,2,4,9,16,1.0926568826641452,0.265625,0.1875,0.35,0.35,1.0064322485377435,0.3807670255652388
iris_binary,29,A037,ry+rz,outer_pairs,2,4,7,16,0.33350683071835896,0.890625,0.75,0.8,0.99,0.3312001508631672,0.10763339790759438
iris_binary,29,A040,ry+rz,left_ladder,1,2,5,8,1.0133000443294484,0.40625,0.375,0.5,0.5900000000000001,1.0416464660192515,0.36016889754234505
iris_binary,29,A042,ry+rz,left_ladder,3,6,13,24,1.6634284252759235,0.265625,0.1875,0.35,0.25,1.73678642692779,0.48621370349573817
iris_binary,29,A045,ry+rz,right_ladder,2,4,9,16,0.620710953911766,0.59375,0.4375,0.6,0.86,0.635199192362284,0.23401250429691417
iris_binary,29,A047,ry+rz,right_ladder,4,8,17,32,0.8589904990438705,0.453125,0.375,0.55,0.72,0.8792575154509246,0.31627063634650965
iris_binary,29,A058,rx+ry+rz,left_ladder,3,6,16,36,0.7719579744672516,0.484375,0.6875,0.4,0.41000000000000003,0.74862889883594,0.27424459361184705
iris_binary,29,A059,rx+ry+rz,left_ladder,4,8,21,48,0.815058401820832,0.453125,0.375,0.55,0.65,0.8757008530402904,0.311848839851147
iris_binary,29,A063,rx+ry+rz,right_ladder,4,8,21,48,0.701118691271801,0.53125,0.375,0.55,0.7800000000000001,0.7057405396125089,0.25933232093400704
iris_binary,43,A000,ry,full_chain,1,3,4,4,1.4593690632150715,0.296875,0.25,0.35,0.35,1.5442945987131718,0.4509088415431436
iris_binary,43,A003,ry,full_chain,4,12,13,16,1.5203014341289276,0.28125,0.1875,0.35,0.18,1.7039137144549563,0.48122277401087105
iris_binary,43,A013,ry,right_ladder,2,4,7,8,1.7991432373506218,0.265625,0.1875,0.35,0.19,1.848858856174265,0.5054602974793712
iris_binary,43,A015,ry,right_ladder,4,8,13,16,1.4362272406283034,0.296875,0.25,0.35,0.35,1.5155991322144726,0.4475063343685532
iris_binary,43,A018,rx+rz,full_chain,3,9,13,24,0.9347125534973908,0.21875,0.125,0.35,0.039999999999999994,0.9067868097644132,0.35018759557590873
iris_binary,43,A020,rx+rz,outer_pairs,1,2,4,8,1.2205582658180136,0.28125,0.1875,0.35,0.26,1.1939285016921313,0.427349652614203
iris_binary,43,A022,rx+rz,outer_pairs,3,6,10,24,1.013413136886677,0.28125,0.25,0.35,0.21,1.003090557972556,0.3770699508338843
iris_binary,43,A025,rx+rz,left_ladder,2,4,9,16,1.1105097851838213,0.296875,0.25,0.35,0.22,1.1033052380953552,0.40419426107113454
iris_binary,43,A037,ry+rz,outer_pairs,2,4,7,16,1.0976110505969576,0.359375,0.375,0.45,0.52,1.1598855856086783,0.38434087821097207
iris_binary,43,A040,ry+rz,left_ladder,1,2,5,8,2.0816574397463867,0.21875,0.125,0.35,0.1,2.147370435405213,0.5471943919035066
iris_binary,43,A042,ry+rz,left_ladder,3,6,13,24,1.6656512644466277,0.265625,0.1875,0.35,0.24000000000000002,1.7478385941839307,0.48792783169164516
iris_binary,43,A045,ry+rz,right_ladder,2,4,9,16,0.26796511544967955,0.921875,0.9375,0.95,1.0,0.2883234018427435,0.08445458118455049
iris_binary,43,A047,ry+rz,right_ladder,4,8,17,32,0.5657822466567424,0.625,0.4375,0.65,0.91,0.5806754341374909,0.21319142883144412
iris_binary,43,A058,rx+ry+rz,left_ladder,3,6,16,36,0.970308696363632,0.375,0.375,0.45,0.44999999999999996,0.9748940966993886,0.3538960262585453
iris_binary,43,A059,rx+ry+rz,left_ladder,4,8,21,48,0.6021265668492071,0.6875,0.875,0.7,0.8000000000000002,0.6284034047588741,0.21823187582610526
iris_binary,43,A063,rx+ry+rz,right_ladder,4,8,21,48,0.8726964687438731,0.421875,0.375,0.5,0.6799999999999999,0.8886626930549184,0.3206164716308514
iris_binary,71,A000,ry,full_chain,1,3,4,4,0.2865428252235618,0.921875,0.9375,0.9,1.0,0.30599749986805813,0.0930063529960159
iris_binary,71,A003,ry,full_chain,4,12,13,16,0.4055276424525897,0.859375,0.6875,0.7,0.9400000000000001,0.39038083415642305,0.13597011137912451
iris_binary,71,A013,ry,right_ladder,2,4,7,8,0.17290611919936028,0.9375,1.0,0.95,1.0,0.2058516811935497,0.050434691375715636
iris_binary,71,A015,ry,right_ladder,4,8,13,16,0.9462529386034402,0.421875,0.375,0.5,0.6599999999999999,0.9708833039241898,0.34192741446255714
iris_binary,71,A018,rx+rz,full_chain,3,9,13,24,1.3916544008883511,0.296875,0.25,0.35,0.34,1.3698293921848905,0.44836577565854707
iris_binary,71,A020,rx+rz,outer_pairs,1,2,4,8,1.0810081999473595,0.28125,0.1875,0.35,0.26,1.0432756135287795,0.3907728408445426
iris_binary,71,A022,rx+rz,outer_pairs,3,6,10,24,0.9832370756433568,0.296875,0.25,0.35,0.19,0.9787748326725886,0.3683303168862771
iris_binary,71,A025,rx+rz,left_ladder,2,4,9,16,1.3217655273512445,0.265625,0.1875,0.35,0.29000000000000004,1.286976939600151,0.4476911666161526
iris_binary,71,A037,ry+rz,outer_pairs,2,4,7,16,0.6735001714941137,0.5625,0.375,0.55,0.8200000000000001,0.6882047584467782,0.253871740650203
iris_binary,71,A040,ry+rz,left_ladder,1,2,5,8,0.4428907209691492,0.78125,0.625,0.7,0.95,0.4582750041036093,0.1623390367135408
iris_binary,71,A042,ry+rz,left_ladder,3,6,13,24,1.4680873851982952,0.28125,0.1875,0.35,0.33999999999999997,1.62860389923696,0.45947616018612986
iris_binary,71,A045,ry+rz,right_ladder,2,4,9,16,0.75806133233258,0.53125,0.375,0.55,0.7800000000000001,0.7757019203863124,0.283750355629026
iris_binary,71,A047,ry+rz,right_ladder,4,8,17,32,0.65314994674796,0.59375,0.375,0.55,0.8200000000000001,0.66877649155465,0.24666228041019078
iris_binary,71,A058,rx+ry+rz,left_ladder,3,6,16,36,1.1764317924083392,0.328125,0.375,0.4,0.41,1.1424187589044037,0.4055449695786281
iris_binary,71,A059,rx+ry+rz,left_ladder,4,8,21,48,0.5865248252700304,0.609375,0.5,0.7,0.84,0.6124635026084468,0.21232417955591898
iris_binary,71,A063,rx+ry+rz,right_ladder,4,8,21,48,1.0076190773517546,0.390625,0.375,0.5,0.5800000000000001,1.0302759120971055,0.3596801108419859
iris_binary,101,A000,ry,full_chain,1,3,4,4,0.45154568988452887,0.78125,0.625,0.7,0.95,0.46683223250152617,0.16605346555689046
iris_binary,101,A003,ry,full_chain,4,12,13,16,0.46493641199960145,0.78125,0.6875,0.65,0.9400000000000001,0.44612556928832764,0.16104745718203195
iris_binary,101,A013,ry,right_ladder,2,4,7,8,0.9501963821742372,0.421875,0.375,0.5,0.6599999999999999,0.9750255154731147,0.3430354689964236
iris_binary,101,A015,ry,right_ladder,4,8,13,16,0.48181581286407393,0.703125,0.5,0.7,0.9400000000000001,0.4968405499028212,0.17889527662127197
iris_binary,101,A018,rx+rz,full_chain,3,9,13,24,1.1188494418661032,0.234375,0.125,0.35,0.12,1.0685833240444806,0.4064473093673634
iris_binary,101,A020,rx+rz,outer_pairs,1,2,4,8,1.3494953030583785,0.28125,0.1875,0.35,0.26,1.345178915783179,0.45242766763299097
iris_binary,101,A022,rx+rz,outer_pairs,3,6,10,24,1.4304744456959273,0.296875,0.25,0.35,0.28,1.4159600875569711,0.4606565028500699
iris_binary,101,A025,rx+rz,left_ladder,2,4,9,16,1.3305737684815355,0.296875,0.1875,0.35,0.24999999999999997,1.3640786130513054,0.4519736546251406
iris_binary,101,A037,ry+rz,outer_pairs,2,4,7,16,1.2625788244155263,0.265625,0.3125,0.2,0.16999999999999998,1.2119829233295598,0.45543915655443834
iris_binary,101,A040,ry+rz,left_ladder,1,2,5,8,0.948200759413785,0.421875,0.375,0.5,0.6599999999999999,0.9729290075058306,0.3424752804720338
iris_binary,101,A042,ry+rz,left_ladder,3,6,13,24,1.1373891591136003,0.34375,0.3125,0.35,0.5,1.236045165707304,0.3950314326085289
iris_binary,101,A045,ry+rz,right_ladder,2,4,9,16,1.4317877260551837,0.296875,0.25,0.35,0.35,1.5100639283024828,0.44685340102268106
iris_binary,101,A047,ry+rz,right_ladder,4,8,17,32,0.567869177917443,0.625,0.4375,0.65,0.91,0.5827563562793596,0.2140056798798046
iris_binary,101,A058,rx+ry+rz,left_ladder,3,6,16,36,1.3453062550856663,0.171875,0.0,0.25,0.14,1.2319190209986195,0.46590799713323083
iris_binary,101,A059,rx+ry+rz,left_ladder,4,8,21,48,0.980046317867331,0.421875,0.375,0.5,0.3600000000000001,1.1212825567644786,0.36296114721679984
iris_binary,101,A063,rx+ry+rz,right_ladder,4,8,21,48,0.8540357248295597,0.21875,0.125,0.35,0.09000000000000001,0.8256131549976716,0.31421738739789595
digits_01,17,A000,ry,full_chain,1,3,4,4,0.41273299530710317,0.8368495077355836,0.8448275862068966,0.8611111111111112,0.9097222222222222,0.3786017702848354,0.11807650459835939
digits_01,17,A003,ry,full_chain,4,12,13,16,0.18384143331941383,0.9308485700890764,0.9310344827586208,0.9305555555555556,0.9915123456790123,0.15867671428991598,0.043282315585782306
digits_01,17,A013,ry,right_ladder,2,4,7,8,0.8906716494706449,0.5986872948898265,0.6206896551724138,0.5972222222222222,0.5972222222222222,0.8698513703668079,0.2806456706755651
digits_01,17,A015,ry,right_ladder,4,8,13,16,0.1701184586960744,0.9308485700890764,0.9482758620689655,0.9305555555555556,0.9915123456790123,0.14523022325593,0.038728518667858536
digits_01,17,A018,rx+rz,full_chain,3,9,13,24,0.6289811377398081,0.7115174245975934,0.6896551724137931,0.7083333333333333,0.7384259259259259,0.638318334701923,0.21354540145265488
digits_01,17,A020,rx+rz,outer_pairs,1,2,4,8,0.6251383300061744,0.7053445850914206,0.6896551724137931,0.6944444444444444,0.7337962962962962,0.6346552450702723,0.21585166217503723
digits_01,17,A022,rx+rz,outer_pairs,3,6,10,24,0.6470726147690982,0.7178465385216439,0.6896551724137931,0.7083333333333333,0.7492283950617283,0.6314472550112171,0.2088237382872188
digits_01,17,A025,rx+rz,left_ladder,2,4,9,16,0.6924396152815256,0.7053445850914206,0.6896551724137931,0.6944444444444444,0.7337962962962962,0.6731383722922599,0.2197419506529445
digits_01,17,A037,ry+rz,outer_pairs,2,4,7,16,0.8863607349032993,0.5167213627129239,0.5517241379310345,0.4722222222222222,0.482253086419753,0.9220343295374405,0.3143674485635175
digits_01,17,A040,ry+rz,left_ladder,1,2,5,8,0.26177748830611075,0.9248320050007813,0.8793103448275862,0.9027777777777777,0.9760802469135803,0.23757886286399651,0.06955256055339125
digits_01,17,A042,ry+rz,left_ladder,3,6,13,24,0.41487565704937673,0.8303641193936553,0.8448275862068966,0.8472222222222222,0.9097222222222222,0.3878399516166834,0.12114717348533485
digits_01,17,A045,ry+rz,right_ladder,2,4,9,16,0.2837349872295624,0.9185028910767308,0.8620689655172413,0.9027777777777777,0.9699074074074074,0.2592026151216003,0.07679671702572143
digits_01,17,A047,ry+rz,right_ladder,4,8,17,32,0.22222364036184478,0.9310048445069542,0.9137931034482758,0.9166666666666666,0.9876543209876544,0.1983380064382794,0.05638636795234632
digits_01,17,A058,rx+ry+rz,left_ladder,3,6,16,36,0.6910994779386499,0.6548679481168933,0.6379310344827587,0.6388888888888888,0.6589506172839507,0.7065825943162687,0.24397770382924774
digits_01,17,A059,rx+ry+rz,left_ladder,4,8,21,48,0.15911823837748876,0.9435067979371776,0.9655172413793104,0.9444444444444444,0.9961419753086419,0.13442696471349785,0.03131764505290916
digits_01,17,A063,rx+ry+rz,right_ladder,4,8,21,48,0.6491048204782314,0.7305047663697453,0.7241379310344828,0.7361111111111112,0.7685185185185185,0.6143544487697703,0.1997655892746536
digits_01,29,A000,ry,full_chain,1,3,4,4,0.3314910997792814,0.893342709798406,0.8620689655172413,0.9027777777777777,0.9459876543209876,0.3047630877457185,0.09246506874448555
digits_01,29,A003,ry,full_chain,4,12,13,16,0.3245697712026982,0.8938115330520393,0.8620689655172413,0.9027777777777777,0.9529320987654322,0.2904096266912426,0.08838064829565283
digits_01,29,A013,ry,right_ladder,2,4,7,8,0.4365298545893479,0.8305203938115331,0.8448275862068966,0.8472222222222223,0.8996913580246914,0.39859125462798756,0.12505544528474774
digits_01,29,A015,ry,right_ladder,4,8,13,16,0.5225799550942136,0.7990310986091577,0.8103448275862069,0.8194444444444444,0.8634259259259259,0.4698546257643819,0.1499648277126522
digits_01,29,A018,rx+rz,full_chain,3,9,13,24,0.6163004302274141,0.7305047663697453,0.7068965517241379,0.7222222222222222,0.753858024691358,0.6223295470531759,0.20666869949529346
digits_01,29,A020,rx+rz,outer_pairs,1,2,4,8,0.6925588369478562,0.7053445850914206,0.6896551724137931,0.6944444444444444,0.7337962962962962,0.6728478061851353,0.22000638759693636
digits_01,29,A022,rx+rz,outer_pairs,3,6,10,24,0.6240394880289138,0.7366776058759181,0.7241379310344828,0.7361111111111112,0.7723765432098765,0.6040134691846611,0.19679384316320783
digits_01,29,A025,rx+rz,left_ladder,2,4,9,16,0.6502532947808662,0.7366776058759181,0.7068965517241379,0.7083333333333333,0.7546296296296295,0.6383452328114115,0.20695928003619024
digits_01,29,A037,ry+rz,outer_pairs,2,4,7,16,0.3717611122521376,0.893342709798406,0.8448275862068966,0.8888888888888888,0.9328703703703703,0.33388216385438935,0.10305918537864003
digits_01,29,A040,ry+rz,left_ladder,1,2,5,8,0.2226598255950342,0.9310048445069542,0.9137931034482758,0.9166666666666666,0.9876543209876544,0.19877452560000528,0.056532761842822486
digits_01,29,A042,ry+rz,left_ladder,3,6,13,24,0.6228396906067353,0.7366776058759181,0.7413793103448276,0.7361111111111112,0.7800925925925926,0.5979224139854113,0.19295280029048203
digits_01,29,A045,ry+rz,right_ladder,2,4,9,16,0.5188071889297184,0.7990310986091577,0.8103448275862069,0.8194444444444444,0.8572530864197532,0.48266421115743846,0.1544542181811342
digits_01,29,A047,ry+rz,right_ladder,4,8,17,32,0.45864057674983083,0.8241912798874824,0.8103448275862069,0.8333333333333334,0.8896604938271605,0.41696826405163573,0.13147352382197353
digits_01,29,A058,rx+ry+rz,left_ladder,3,6,16,36,0.21960358913538855,0.9310048445069542,0.9137931034482758,0.9166666666666666,0.9891975308641975,0.19589236838735757,0.05532252802432987
digits_01,29,A059,rx+ry+rz,left_ladder,4,8,21,48,0.6103447019953236,0.7243319268635724,0.7241379310344828,0.7083333333333333,0.7654320987654322,0.6010349494343571,0.20057879046630134
digits_01,29,A063,rx+ry+rz,right_ladder,4,8,21,48,0.35086953082475514,0.893342709798406,0.8620689655172413,0.9027777777777777,0.9567901234567902,0.34026497518718973,0.09716952082076258
digits_01,43,A000,ry,full_chain,1,3,4,4,0.5848596007072656,0.7615252383184872,0.7931034482758621,0.7777777777777778,0.8132716049382716,0.5507301697293495,0.1780396996280274
digits_01,43,A003,ry,full_chain,4,12,13,16,0.3193136212921248,0.9060009376465072,0.8620689655172413,0.8888888888888888,0.9552469135802469,0.28065534274359755,0.08507739680691444
digits_01,43,A013,ry,right_ladder,2,4,7,8,0.25549191541019745,0.9248320050007813,0.8793103448275862,0.9027777777777777,0.9776234567901234,0.23139595597321774,0.06746762428407659
digits_01,43,A015,ry,right_ladder,4,8,13,16,1.2599907663730794,0.3790436005625879,0.3793103448275862,0.3611111111111111,0.27932098765432095,1.4535099520877623,0.4078533258277205
digits_01,43,A018,rx+rz,full_chain,3,9,13,24,0.5977916538868049,0.7113611501797156,0.7068965517241379,0.7083333333333334,0.7507716049382716,0.6030270902231126,0.20470953179301732
digits_01,43,A020,rx+rz,outer_pairs,1,2,4,8,0.7002969714747882,0.7053445850914206,0.6896551724137931,0.6944444444444444,0.7337962962962962,0.6743722593382091,0.22013152112535952
digits_01,43,A022,rx+rz,outer_pairs,3,6,10,24,0.5507075752641118,0.7683231754961712,0.7758620689655172,0.7638888888888888,0.8055555555555556,0.5488630539128039,0.17737452461433037
digits_01,43,A025,rx+rz,left_ladder,2,4,9,16,0.6555066270081782,0.7178465385216439,0.6896551724137931,0.6944444444444444,0.7415123456790124,0.6530841105816259,0.2143321808510558
digits_01,43,A037,ry+rz,outer_pairs,2,4,7,16,0.5096537259902256,0.7863728707610564,0.8275862068965517,0.8055555555555556,0.8603395061728396,0.4834169476681425,0.1562261783684208
digits_01,43,A040,ry+rz,left_ladder,1,2,5,8,0.1171861247404519,0.9685107047976246,1.0,1.0,1.0,0.0844565974766496,0.01631133461306901
digits_01,43,A042,ry+rz,left_ladder,3,6,13,24,0.6089632134459567,0.7434755430536021,0.7758620689655172,0.7222222222222222,0.7916666666666666,0.6006788205654606,0.18563445522313843
digits_01,43,A045,ry+rz,right_ladder,2,4,9,16,0.4621362586477925,0.8241912798874824,0.8103448275862069,0.8333333333333334,0.8858024691358025,0.4214884698340737,0.13304575523962325
digits_01,43,A047,ry+rz,right_ladder,4,8,17,32,0.22680290935722275,0.9310048445069542,0.9137931034482758,0.9166666666666666,0.9861111111111112,0.20296638281865637,0.05788555731423775
digits_01,43,A058,rx+ry+rz,left_ladder,3,6,16,36,0.548269360594921,0.7613689639006095,0.7413793103448276,0.7777777777777778,0.8086419753086419,0.5534722033577363,0.18450640996389486
digits_01,43,A059,rx+ry+rz,left_ladder,4,8,21,48,0.65354327824517,0.6488513830285982,0.7068965517241379,0.6388888888888888,0.6859567901234568,0.6749307260136493,0.2333021422634215
digits_01,43,A063,rx+ry+rz,right_ladder,4,8,21,48,0.6989609318920145,0.6675261759649945,0.6896551724137931,0.6805555555555556,0.6851851851851852,0.7057095999719705,0.23660559835613507
digits_01,71,A000,ry,full_chain,1,3,4,4,0.13358215031785242,0.9435067979371776,0.9827586206896552,0.9583333333333333,0.9969135802469136,0.10612617709931976,0.025407389447954135
digits_01,71,A003,ry,full_chain,4,12,13,16,0.826535471751429,0.630020315674324,0.6206896551724138,0.5972222222222222,0.625,0.8139670815491132,0.266676135693291
digits_01,71,A013,ry,right_ladder,2,4,7,8,1.0519956755335031,0.5039068604469448,0.5172413793103448,0.48611111111111116,0.4807098765432099,1.039585122353103,0.3257882058249622
digits_01,71,A015,ry,right_ladder,4,8,13,16,0.12129694074546649,0.9560087513674012,1.0,1.0,1.0,0.09162978132187198,0.019947066571365937
digits_01,71,A018,rx+rz,full_chain,3,9,13,24,0.6002257249150167,0.7366776058759181,0.7413793103448276,0.7361111111111112,0.7654320987654322,0.5857484972266526,0.19575873019517642
digits_01,71,A020,rx+rz,outer_pairs,1,2,4,8,0.6132865896256514,0.7053445850914206,0.6896551724137931,0.6944444444444444,0.7337962962962962,0.6238186810804504,0.21519814487107045
digits_01,71,A022,rx+rz,outer_pairs,3,6,10,24,0.5122985183478401,0.7808251289263948,0.7931034482758621,0.7916666666666667,0.8464506172839505,0.5108408498078163,0.1645388246724245
digits_01,71,A025,rx+rz,left_ladder,2,4,9,16,0.6270294958865299,0.7053445850914206,0.6896551724137931,0.6944444444444444,0.7260802469135803,0.6430292106441741,0.21850029133461113
digits_01,71,A037,ry+rz,outer_pairs,2,4,7,16,0.2397843621713037,0.9248320050007813,0.8793103448275862,0.9166666666666666,0.9814814814814814,0.214809801435346,0.06239383918859937
digits_01,71,A040,ry+rz,left_ladder,1,2,5,8,0.1726705545957671,0.9308485700890764,0.9482758620689655,0.9305555555555556,0.9915123456790123,0.14788149252436852,0.039611639733729304
digits_01,71,A042,ry+rz,left_ladder,3,6,13,24,0.3344982313354358,0.8939678074699171,0.8448275862068966,0.875,0.9506172839506173,0.29335136308831844,0.08771625684962037
digits_01,71,A045,ry+rz,right_ladder,2,4,9,16,0.19968040771163212,0.9310048445069542,0.9310344827586208,0.9166666666666666,0.9907407407407407,0.17560948361154466,0.048794489742183846
digits_01,71,A047,ry+rz,right_ladder,4,8,17,32,0.6410058423817153,0.7366776058759181,0.7241379310344828,0.7361111111111112,0.7716049382716048,0.6088574557571662,0.19796270355992618
digits_01,71,A058,rx+ry+rz,left_ladder,3,6,16,36,0.24147933946160913,0.9185028910767308,0.896551724137931,0.9166666666666666,0.9830246913580247,0.2190790933589306,0.060384122768957466
digits_01,71,A059,rx+ry+rz,left_ladder,4,8,21,48,0.83094166919612,0.6053289576496328,0.5862068965517242,0.5694444444444444,0.5717592592592593,0.8488054569700095,0.28455425430081666
digits_01,71,A063,rx+ry+rz,right_ladder,4,8,21,48,1.0192849666675325,0.47273011408032506,0.4827586206896552,0.45833333333333337,0.39429012345679004,1.0806818483808391,0.3541461647880608
digits_01,101,A000,ry,full_chain,1,3,4,4,0.9700733107478762,0.573370839193624,0.603448275862069,0.5277777777777778,0.5401234567901234,0.9478695995007451,0.3024476392540227
digits_01,101,A003,ry,full_chain,4,12,13,16,0.4912792623543093,0.8052039381153304,0.8275862068965517,0.7916666666666667,0.8703703703703703,0.4604246715054077,0.14749578554824386
digits_01,101,A013,ry,right_ladder,2,4,7,8,0.3988566480091846,0.8431786216596343,0.8448275862068966,0.875,0.9151234567901234,0.36649603085667787,0.11385661075310297
digits_01,101,A015,ry,right_ladder,4,8,13,16,0.45230042078452753,0.8241912798874824,0.8448275862068966,0.8472222222222223,0.8912037037037037,0.4110999322197727,0.12942731100311777
digits_01,101,A018,rx+rz,full_chain,3,9,13,24,0.6317937038366693,0.7305047663697453,0.7068965517241379,0.7222222222222222,0.7592592592592593,0.616764917864089,0.20362578835683867
digits_01,101,A020,rx+rz,outer_pairs,1,2,4,8,0.6278047049883415,0.7053445850914206,0.6896551724137931,0.6944444444444444,0.7337962962962962,0.6368361097729502,0.21613893447905358
digits_01,101,A022,rx+rz,outer_pairs,3,6,10,24,0.5108143333869268,0.7863728707610564,0.8103448275862069,0.8055555555555556,0.8487654320987654,0.4955329885178475,0.1604980567257861
digits_01,101,A025,rx+rz,left_ladder,2,4,9,16,0.6503593974773156,0.7053445850914206,0.6896551724137931,0.7083333333333333,0.7345679012345678,0.6524928223063882,0.2171209524739803
digits_01,101,A037,ry+rz,outer_pairs,2,4,7,16,0.6388860081498405,0.7366776058759181,0.7241379310344828,0.7361111111111112,0.7723765432098765,0.60658585005876,0.19688429243169703
digits_01,101,A040,ry+rz,left_ladder,1,2,5,8,0.7424083160061993,0.7053445850914206,0.6896551724137931,0.6944444444444444,0.7260802469135803,0.6802503825928861,0.22173790322030384
digits_01,101,A042,ry+rz,left_ladder,3,6,13,24,0.16942991050356546,0.937177684013127,0.9310344827586208,0.9305555555555556,0.9930555555555555,0.14427350809962014,0.03872474083196272
digits_01,101,A045,ry+rz,right_ladder,2,4,9,16,0.22555519207675984,0.9310048445069542,0.9137931034482758,0.9166666666666666,0.9876543209876544,0.20167493027646233,0.05749979267562707
digits_01,101,A047,ry+rz,right_ladder,4,8,17,32,0.7316521365861508,0.6991717455852478,0.6896551724137931,0.6805555555555556,0.7114197530864198,0.6993825495364221,0.22808631241078114
digits_01,101,A058,rx+ry+rz,left_ladder,3,6,16,36,0.48718027806544273,0.8056727613689639,0.8103448275862069,0.8194444444444444,0.8611111111111112,0.46604306442631876,0.148575281763129
digits_01,101,A059,rx+ry+rz,left_ladder,4,8,21,48,0.6849837441200439,0.6039224878887326,0.6206896551724138,0.5833333333333333,0.625,0.7105927641094824,0.25258437268929684
digits_01,101,A063,rx+ry+rz,right_ladder,4,8,21,48,0.7598243114185987,0.5986872948898265,0.603448275862069,0.5833333333333333,0.5964506172839505,0.7812775270092788,0.2721509625097806
